{"train_losses": [2.497381465951192, 2.39796394269491, 2.314429591857281, 2.242862331744322, 2.209580191386115, 2.1815459890463917, 2.151751370774102, 2.1430055598622744, 2.0768208926485987, 2.0750352131951715, 2.0391096685350556, 2.0839894953462266, 2.048282355868939, 2.0100041497613965, 2.0062395941350877, 1.9961439309660922, 1.9638493488744362, 1.9729071705611712, 1.9414607647768, 1.9279313077631686, 1.9228889072064272, 1.8833708143725838, 1.9137278212714441, 1.9035215082856798, 1.87323735030656, 1.8836407061704654, 1.8679096969132571, 1.8679250422212266, 1.8732867997946199, 1.834060991424875], "test_losses": [2.5575604839662534, 2.480201366728386, 2.4652937998813864, 2.41011972764952, 2.403554825656182, 2.42514376302736, 2.489426397644313, 2.4378128853519407, 2.47410527794762, 2.4125698435623035, 2.482785887422815, 2.502333094588423, 2.5637767462603813, 2.364925852919047, 2.4786122921293816, 2.5407285753604585, 2.648348354660304, 2.434884151526257, 2.3968268748933235, 2.5312357708416156, 2.518206976156319, 2.5904337178289363, 2.6191466339921528, 2.46965225607948, 2.5598492938860327, 2.4727534277249226, 2.538370687349708, 2.4649554016315833, 2.5798337269673306, 2.5523384461360696], "train_accuracies": [16.458333333333332, 18.541666666666668, 18.958333333333332, 18.333333333333332, 20.833333333333332, 21.25, 22.083333333333332, 19.166666666666668, 21.666666666666668, 21.875, 24.375, 21.041666666666668, 21.041666666666668, 28.333333333333332, 24.791666666666668, 23.125, 21.875, 25.208333333333332, 26.666666666666668, 27.083333333333332, 27.916666666666668, 27.708333333333332, 27.916666666666668, 25.0, 26.666666666666668, 26.666666666666668, 27.708333333333332, 27.708333333333332, 29.375, 30.0], "test_accuracies": [12.389380530973451, 20.353982300884955, 18.58407079646018, 17.256637168141594, 17.699115044247787, 16.8141592920354, 21.68141592920354, 19.469026548672566, 19.02654867256637, 20.353982300884955, 20.353982300884955, 18.58407079646018, 18.141592920353983, 22.56637168141593, 17.256637168141594, 19.02654867256637, 20.353982300884955, 21.238938053097346, 23.893805309734514, 24.778761061946902, 21.238938053097346, 22.123893805309734, 21.238938053097346, 21.68141592920354, 23.451327433628318, 24.336283185840706, 20.79646017699115, 25.663716814159294, 23.451327433628318, 21.68141592920354]}